INSERT INTO public.sys_menu (parent_id, icon, title, is_embed_link, frame_src, type, path, redirect, component, name, status, keep_alive, hide_menu, template_id, id, sys_creator_id, sys_modifier_id, sys_create_datetime, sys_update_datetime, sys_effect_datetime, sys_expire_datetime, sys_flag, sort) VALUES ('5b3af138-2d03-4b8f-b9bd-d663db042e12', 'ant-design:book-outlined', '操作日志', false, NULL, 1, 'operation', NULL, '/fuadmin/system/log/operation-log/index', 'Operation Log', true, false, false, NULL, '0775a1de-7dc3-4655-ad2f-f06ca0d17a18', NULL, NULL, '2024-07-05 07:33:30', '2024-07-08 09:32:40', '2024-07-05 07:33:30', NULL, true, 2);
INSERT INTO public.sys_menu (parent_id, icon, title, is_embed_link, frame_src, type, path, redirect, component, name, status, keep_alive, hide_menu, template_id, id, sys_creator_id, sys_modifier_id, sys_create_datetime, sys_update_datetime, sys_effect_datetime, sys_expire_datetime, sys_flag, sort) VALUES ('503fc0e9-1464-4393-9f59-ccf862ba2cf3', 'bx:bx-home', 'routes.dashboard.workbench', false, NULL, 1, 'workbench', NULL, '/dashboard/workbench/index', 'Workbench', true, false, false, NULL, '15f6f5b8-02bd-4905-b87a-092c6c51d843', NULL, NULL, '2024-08-17 06:40:28', '2024-08-17 06:40:28', '2024-08-17 06:40:28', NULL, true, 1);
INSERT INTO public.sys_menu (parent_id, icon, title, is_embed_link, frame_src, type, path, redirect, component, name, status, keep_alive, hide_menu, template_id, id, sys_creator_id, sys_modifier_id, sys_create_datetime, sys_update_datetime, sys_effect_datetime, sys_expire_datetime, sys_flag, sort) VALUES ('82687f8d-3f16-41ba-b6ac-224562598c25', 'ant-design:user-outlined', '角色管理', false, NULL, 1, 'role', NULL, '/fuadmin/system/role/index', 'RoleManagement', true, false, false, NULL, '244574d5-cbe1-4231-a4a4-7f685bbe3d3f', NULL, NULL, '2024-01-25 03:19:21', '2024-01-25 03:21:14', '2024-01-25 03:19:21', NULL, true, 3);
INSERT INTO public.sys_menu (parent_id, icon, title, is_embed_link, frame_src, type, path, redirect, component, name, status, keep_alive, hide_menu, template_id, id, sys_creator_id, sys_modifier_id, sys_create_datetime, sys_update_datetime, sys_effect_datetime, sys_expire_datetime, sys_flag, sort) VALUES ('82687f8d-3f16-41ba-b6ac-224562598c25', 'ant-design:user-outlined', '用户管理', false, NULL, 1, 'user', NULL, '/fuadmin/system/account/index', 'AccountManagement', true, false, false, NULL, '29f195a3-2c0f-49be-921e-8167ca8630ec', NULL, NULL, '2024-01-24 15:49:32', '2024-02-02 01:47:47', '2024-01-24 15:49:32', NULL, true, 1);
INSERT INTO public.sys_menu (parent_id, icon, title, is_embed_link, frame_src, type, path, redirect, component, name, status, keep_alive, hide_menu, template_id, id, sys_creator_id, sys_modifier_id, sys_create_datetime, sys_update_datetime, sys_effect_datetime, sys_expire_datetime, sys_flag, sort) VALUES ('503fc0e9-1464-4393-9f59-ccf862ba2cf3', 'ant-design:deployment-unit-outlined', 'routes.dashboard.analysis', false, NULL, 1, 'analysis', NULL, '/dashboard/analysis/index', 'Analysis', true, false, false, NULL, '3083f631-1af2-4ace-bd8d-6fdf87f0c6ed', NULL, NULL, '2024-07-13 02:55:33', '2024-07-27 10:43:20', '2024-07-13 02:55:33', NULL, true, 2);
INSERT INTO public.sys_menu (parent_id, icon, title, is_embed_link, frame_src, type, path, redirect, component, name, status, keep_alive, hide_menu, template_id, id, sys_creator_id, sys_modifier_id, sys_create_datetime, sys_update_datetime, sys_effect_datetime, sys_expire_datetime, sys_flag, sort) VALUES ('75908f97-e21b-4ce4-900e-ad632a47bbeb', 'ant-design:clear-outlined', '系统配置', false, NULL, 1, 'config', NULL, '/fuadmin/system/sys-config/index', 'SysConfig', true, false, false, NULL, '356b2fce-8e55-4534-9709-c41ed8697129', NULL, NULL, '2024-07-23 05:29:40', '2024-07-23 05:29:40', '2024-07-23 05:29:40', NULL, true, 3);
INSERT INTO public.sys_menu (parent_id, icon, title, is_embed_link, frame_src, type, path, redirect, component, name, status, keep_alive, hide_menu, template_id, id, sys_creator_id, sys_modifier_id, sys_create_datetime, sys_update_datetime, sys_effect_datetime, sys_expire_datetime, sys_flag, sort) VALUES ('82687f8d-3f16-41ba-b6ac-224562598c25', 'ant-design:fund-twotone', '岗位管理', false, NULL, 1, 'post', NULL, '/fuadmin/system/post/index', 'PostManagement', true, false, false, NULL, '410d98d8-d100-4573-b61a-1bcd24ae64ce', NULL, NULL, '2024-07-08 06:05:11', '2024-07-16 07:43:59', '2024-07-08 06:05:11', NULL, true, 4);
INSERT INTO public.sys_menu (parent_id, icon, title, is_embed_link, frame_src, type, path, redirect, component, name, status, keep_alive, hide_menu, template_id, id, sys_creator_id, sys_modifier_id, sys_create_datetime, sys_update_datetime, sys_effect_datetime, sys_expire_datetime, sys_flag, sort) VALUES ('9c02e672-b7ad-4601-ba67-dd6bfb9d2406', 'ant-design:book-outlined', '任务日志', false, NULL, 1, 'log', NULL, '/fuadmin/system/celery/celery_log/index', 'CeleryLog', true, false, false, NULL, '456b5518-7790-4ae0-ac45-7cbba94cd719', NULL, NULL, '2024-07-22 09:52:45', '2024-07-22 09:53:08', '2024-07-22 09:52:45', NULL, true, 4);
INSERT INTO public.sys_menu (parent_id, icon, title, is_embed_link, frame_src, type, path, redirect, component, name, status, keep_alive, hide_menu, template_id, id, sys_creator_id, sys_modifier_id, sys_create_datetime, sys_update_datetime, sys_effect_datetime, sys_expire_datetime, sys_flag, sort) VALUES (NULL, 'bx:bx-home', 'routes.dashboard.dashboard', false, NULL, 0, '/dashboard', '/dashboard/workbench', 'LAYOUT', NULL, true, false, false, NULL, '503fc0e9-1464-4393-9f59-ccf862ba2cf3', NULL, NULL, '2024-07-13 02:53:46', '2024-08-01 14:06:18', '2024-07-13 02:53:46', NULL, true, 0);
INSERT INTO public.sys_menu (parent_id, icon, title, is_embed_link, frame_src, type, path, redirect, component, name, status, keep_alive, hide_menu, template_id, id, sys_creator_id, sys_modifier_id, sys_create_datetime, sys_update_datetime, sys_effect_datetime, sys_expire_datetime, sys_flag, sort) VALUES (NULL, 'ant-design:code-filled', '日志管理', false, NULL, 0, '/log', NULL, 'LAYOUT', NULL, true, false, false, NULL, '5b3af138-2d03-4b8f-b9bd-d663db042e12', NULL, NULL, '2024-07-05 07:27:57', '2024-07-05 07:27:57', '2024-07-05 07:27:57', NULL, true, 3);
INSERT INTO public.sys_menu (parent_id, icon, title, is_embed_link, frame_src, type, path, redirect, component, name, status, keep_alive, hide_menu, template_id, id, sys_creator_id, sys_modifier_id, sys_create_datetime, sys_update_datetime, sys_effect_datetime, sys_expire_datetime, sys_flag, sort) VALUES (NULL, 'ant-design:tool-outlined', '系统工具', false, NULL, 0, '/tool', NULL, 'LAYOUT', NULL, true, false, false, NULL, '75908f97-e21b-4ce4-900e-ad632a47bbeb', NULL, NULL, '2024-07-05 06:40:23', '2024-08-10 12:43:00', '2024-07-05 06:40:23', NULL, true, 2);
INSERT INTO public.sys_menu (parent_id, icon, title, is_embed_link, frame_src, type, path, redirect, component, name, status, keep_alive, hide_menu, template_id, id, sys_creator_id, sys_modifier_id, sys_create_datetime, sys_update_datetime, sys_effect_datetime, sys_expire_datetime, sys_flag, sort) VALUES ('75908f97-e21b-4ce4-900e-ad632a47bbeb', 'ant-design:database-outlined', '数据字典', false, NULL, 1, 'dict', NULL, '/fuadmin/system/data-dict/index', 'Data Dict', true, false, false, NULL, '76ab06e9-eb17-4955-b733-d3ae9ee9e573', NULL, NULL, '2024-07-05 06:40:54', '2024-07-08 09:33:34', '2024-07-05 06:40:54', NULL, true, 1);
INSERT INTO public.sys_menu (parent_id, icon, title, is_embed_link, frame_src, type, path, redirect, component, name, status, keep_alive, hide_menu, template_id, id, sys_creator_id, sys_modifier_id, sys_create_datetime, sys_update_datetime, sys_effect_datetime, sys_expire_datetime, sys_flag, sort) VALUES (NULL, 'ant-design:fund-projection-screen-outlined', '运维监控', false, NULL, 0, '/operation', '/operation/sys_monitor', 'LAYOUT', NULL, true, false, false, NULL, '7e161397-af0c-4823-a15d-364e9d7d8e02', NULL, NULL, '2024-07-08 02:48:15', '2024-07-29 13:44:38', '2024-07-08 02:48:15', NULL, true, 4);
INSERT INTO public.sys_menu (parent_id, icon, title, is_embed_link, frame_src, type, path, redirect, component, name, status, keep_alive, hide_menu, template_id, id, sys_creator_id, sys_modifier_id, sys_create_datetime, sys_update_datetime, sys_effect_datetime, sys_expire_datetime, sys_flag, sort) VALUES ('75908f97-e21b-4ce4-900e-ad632a47bbeb', 'ant-design:file-done-outlined', '附件管理', false, NULL, 1, 'file', NULL, '/fuadmin/system/file/index', 'File Management', true, false, false, NULL, '81ee514e-1df2-454f-b682-0a0dd40b9eb0', NULL, NULL, '2024-07-06 03:53:39', '2024-07-24 15:52:42', '2024-07-06 03:53:39', NULL, true, 2);
INSERT INTO public.sys_menu (parent_id, icon, title, is_embed_link, frame_src, type, path, redirect, component, name, status, keep_alive, hide_menu, template_id, id, sys_creator_id, sys_modifier_id, sys_create_datetime, sys_update_datetime, sys_effect_datetime, sys_expire_datetime, sys_flag, sort) VALUES (NULL, 'ant-design:setting-outlined', '系统管理', false, NULL, 0, '/system', NULL, 'LAYOUT', NULL, true, false, false, NULL, '82687f8d-3f16-41ba-b6ac-224562598c25', NULL, NULL, '2024-01-24 15:34:59', '2024-01-25 03:26:34', '2024-01-24 15:34:59', NULL, true, 2);
INSERT INTO public.sys_menu (parent_id, icon, title, is_embed_link, frame_src, type, path, redirect, component, name, status, keep_alive, hide_menu, template_id, id, sys_creator_id, sys_modifier_id, sys_create_datetime, sys_update_datetime, sys_effect_datetime, sys_expire_datetime, sys_flag, sort) VALUES ('5b3af138-2d03-4b8f-b9bd-d663db042e12', 'ant-design:database-outlined', '登录日志', false, NULL, 1, 'log', NULL, '/fuadmin/system/log/login-log/index', 'Login Log', true, false, false, NULL, '82761e4b-5ab7-4813-af7f-df04f095543e', NULL, NULL, '2024-07-05 07:29:18', '2024-08-04 13:45:22', '2024-07-05 07:29:18', NULL, true, 1);
INSERT INTO public.sys_menu (parent_id, icon, title, is_embed_link, frame_src, type, path, redirect, component, name, status, keep_alive, hide_menu, template_id, id, sys_creator_id, sys_modifier_id, sys_create_datetime, sys_update_datetime, sys_effect_datetime, sys_expire_datetime, sys_flag, sort) VALUES ('7e161397-af0c-4823-a15d-364e9d7d8e02', 'ant-design:file-exclamation-outlined', '系统信息', false, NULL, 1, 'sys_monitor', NULL, '/fuadmin/system/monitor/server', 'OS Information', true, false, false, NULL, '98037829-7c9f-4445-b053-2e9478a55c39', NULL, NULL, '2024-07-08 02:49:16', '2024-07-29 13:44:15', '2024-07-08 02:49:16', NULL, true, 1);
INSERT INTO public.sys_menu (parent_id, icon, title, is_embed_link, frame_src, type, path, redirect, component, name, status, keep_alive, hide_menu, template_id, id, sys_creator_id, sys_modifier_id, sys_create_datetime, sys_update_datetime, sys_effect_datetime, sys_expire_datetime, sys_flag, sort) VALUES ('75908f97-e21b-4ce4-900e-ad632a47bbeb', 'ant-design:book-outlined', '个人设置', false, NULL, 1, 'profile_setting', NULL, '/fuadmin/system/account/setting/index.vue', 'ProfileSetting', true, false, false, NULL, 'ab9a976d-ae0e-4b7c-8b17-55cdf50ec875', NULL, NULL, '2024-07-16 07:57:25', '2024-08-01 02:25:44', '2024-07-16 07:57:25', NULL, true, 5);
INSERT INTO public.sys_menu (parent_id, icon, title, is_embed_link, frame_src, type, path, redirect, component, name, status, keep_alive, hide_menu, template_id, id, sys_creator_id, sys_modifier_id, sys_create_datetime, sys_update_datetime, sys_effect_datetime, sys_expire_datetime, sys_flag, sort) VALUES ('82687f8d-3f16-41ba-b6ac-224562598c25', 'ant-design:book-outlined', '菜单管理', false, NULL, 1, 'menu', NULL, '/fuadmin/system/menu/index', 'MenuManagement', true, false, false, NULL, 'c59fc758-c9b6-4b04-91e8-52da07deed30', NULL, NULL, '2024-01-24 08:31:55', '2024-02-23 06:05:01', '2024-01-24 08:31:55', NULL, true, 1);
INSERT INTO public.sys_menu (parent_id, icon, title, is_embed_link, frame_src, type, path, redirect, component, name, status, keep_alive, hide_menu, template_id, id, sys_creator_id, sys_modifier_id, sys_create_datetime, sys_update_datetime, sys_effect_datetime, sys_expire_datetime, sys_flag, sort) VALUES ('82687f8d-3f16-41ba-b6ac-224562598c25', 'ant-design:apartment-outlined', '部门管理', false, NULL, 1, 'dept', NULL, '/fuadmin/system/dept/index', 'DeptManagement', true, false, false, NULL, 'd7f3e24f-0853-4188-b31e-c6cdbd2e4c06', NULL, NULL, '2024-01-25 02:58:09', '2024-01-25 03:35:39', '2024-01-25 02:58:09', NULL, true, 2);
INSERT INTO public.sys_button (name, code, api, method, menu_id, id, sys_creator_id, sys_modifier_id, sys_create_datetime, sys_update_datetime, sys_effect_datetime, sys_expire_datetime, sys_flag, sort) VALUES ('dict update', 'dict:update', '/api/system/dict/:id', 2, '76ab06e9-eb17-4955-b733-d3ae9ee9e573', '07e04b19-1eb0-440e-8ea8-d04976dc4cd9', NULL, NULL, '2024-08-27 21:17:55', '2024-08-27 21:17:55', '2024-08-27 21:17:55', NULL, true, 3);
INSERT INTO public.sys_button (name, code, api, method, menu_id, id, sys_creator_id, sys_modifier_id, sys_create_datetime, sys_update_datetime, sys_effect_datetime, sys_expire_datetime, sys_flag, sort) VALUES ('dict delete', 'dict:delete', '/api/system/dict/:id', 3, '76ab06e9-eb17-4955-b733-d3ae9ee9e573', '4e7684ca-805c-4f6f-af68-d454574e18d2', NULL, NULL, '2024-08-27 21:17:55', '2024-08-27 21:17:55', '2024-08-27 21:17:55', NULL, true, 2);
INSERT INTO public.sys_button (name, code, api, method, menu_id, id, sys_creator_id, sys_modifier_id, sys_create_datetime, sys_update_datetime, sys_effect_datetime, sys_expire_datetime, sys_flag, sort) VALUES ('dict export', 'dict:export', '/api/system/dict/export/data', 1, '76ab06e9-eb17-4955-b733-d3ae9ee9e573', '62972c35-a6cd-4284-91b8-cff6cfb0cf81', NULL, NULL, '2024-08-27 21:17:55', '2024-08-27 21:17:55', '2024-08-27 21:17:55', NULL, true, 6);
INSERT INTO public.sys_button (name, code, api, method, menu_id, id, sys_creator_id, sys_modifier_id, sys_create_datetime, sys_update_datetime, sys_effect_datetime, sys_expire_datetime, sys_flag, sort) VALUES ('post export', 'post:export', '/api/system/post/export/data', 1, '410d98d8-d100-4573-b61a-1bcd24ae64ce', '7b228d3a-d7ed-42d1-9c5c-f6eb8604207b', NULL, NULL, '2024-09-06 21:09:38', '2024-09-06 21:09:38', '2024-09-06 21:09:38', NULL, true, 6);
INSERT INTO public.sys_button (name, code, api, method, menu_id, id, sys_creator_id, sys_modifier_id, sys_create_datetime, sys_update_datetime, sys_effect_datetime, sys_expire_datetime, sys_flag, sort) VALUES ('post add', 'post:add', '/api/system/post', 1, '410d98d8-d100-4573-b61a-1bcd24ae64ce', '9ed3abcb-0cf5-4da7-adaa-c56f0aa0d6fa', NULL, NULL, '2024-09-06 21:09:38', '2024-09-06 21:09:38', '2024-09-06 21:09:38', NULL, true, 1);
INSERT INTO public.sys_button (name, code, api, method, menu_id, id, sys_creator_id, sys_modifier_id, sys_create_datetime, sys_update_datetime, sys_effect_datetime, sys_expire_datetime, sys_flag, sort) VALUES ('dict import', 'dict:import', '/api/system/dict/import/data', 1, '76ab06e9-eb17-4955-b733-d3ae9ee9e573', 'a90570dd-75f5-4896-9c26-a09855daec6d', NULL, NULL, '2024-08-27 21:17:55', '2024-08-27 21:17:55', '2024-08-27 21:17:55', NULL, true, 5);
INSERT INTO public.sys_button (name, code, api, method, menu_id, id, sys_creator_id, sys_modifier_id, sys_create_datetime, sys_update_datetime, sys_effect_datetime, sys_expire_datetime, sys_flag, sort) VALUES ('dict add', 'dict:add', '/api/system/dict', 1, '76ab06e9-eb17-4955-b733-d3ae9ee9e573', 'bc03d168-0327-4c69-bc03-fb2f8fb45f40', NULL, NULL, '2024-08-27 21:17:55', '2024-08-27 21:17:55', '2024-08-27 21:17:55', NULL, true, 1);
INSERT INTO public.sys_button (name, code, api, method, menu_id, id, sys_creator_id, sys_modifier_id, sys_create_datetime, sys_update_datetime, sys_effect_datetime, sys_expire_datetime, sys_flag, sort) VALUES ('post import', 'post:import', '/api/system/post/import/data', 1, '410d98d8-d100-4573-b61a-1bcd24ae64ce', 'c3e3214d-3b1a-4849-a9e0-c2c27342a9f1', NULL, NULL, '2024-09-06 21:09:38', '2024-09-06 21:09:38', '2024-09-06 21:09:38', NULL, true, 5);
INSERT INTO public.sys_button (name, code, api, method, menu_id, id, sys_creator_id, sys_modifier_id, sys_create_datetime, sys_update_datetime, sys_effect_datetime, sys_expire_datetime, sys_flag, sort) VALUES ('post update', 'post:update', '/api/system/post/:id', 2, '410d98d8-d100-4573-b61a-1bcd24ae64ce', 'e7d232d6-3e76-445a-a30d-0ad2ca406c80', NULL, NULL, '2024-09-06 21:09:38', '2024-09-06 21:09:38', '2024-09-06 21:09:38', NULL, true, 3);
INSERT INTO public.sys_button (name, code, api, method, menu_id, id, sys_creator_id, sys_modifier_id, sys_create_datetime, sys_update_datetime, sys_effect_datetime, sys_expire_datetime, sys_flag, sort) VALUES ('dict query', 'dict:query', '/api/system/dict', 0, '76ab06e9-eb17-4955-b733-d3ae9ee9e573', 'ed4edce0-ca01-406e-8f5f-c4a543775c58', NULL, NULL, '2024-08-27 21:17:55', '2024-08-27 21:17:55', '2024-08-27 21:17:55', NULL, true, 4);
INSERT INTO public.sys_button (name, code, api, method, menu_id, id, sys_creator_id, sys_modifier_id, sys_create_datetime, sys_update_datetime, sys_effect_datetime, sys_expire_datetime, sys_flag, sort) VALUES ('post delete', 'post:delete', '/api/system/post/:id', 3, '410d98d8-d100-4573-b61a-1bcd24ae64ce', 'ef4e5e40-58b8-4272-a6fe-89a441c2dfb6', NULL, NULL, '2024-09-06 21:09:38', '2024-09-06 21:09:38', '2024-09-06 21:09:38', NULL, true, 2);
INSERT INTO public.sys_button (name, code, api, method, menu_id, id, sys_creator_id, sys_modifier_id, sys_create_datetime, sys_update_datetime, sys_effect_datetime, sys_expire_datetime, sys_flag, sort) VALUES ('post query', 'post:query', '/api/system/post', 0, '410d98d8-d100-4573-b61a-1bcd24ae64ce', 'fa816256-e043-4706-996f-fe424041b87e', NULL, NULL, '2024-09-06 21:09:38', '2024-09-06 21:09:38', '2024-09-06 21:09:38', NULL, true, 4);
INSERT INTO public.sys_dept (name, owner, phone, email, status, parent_id, id, sys_creator_id, sys_modifier_id, sys_create_datetime, sys_update_datetime, sys_effect_datetime, sys_expire_datetime, sys_flag, sort) VALUES ('大连公司', NULL, '13244724433', 'dlpuzcl@163.com', true, NULL, '10d2da3d-7104-486b-b211-0850a2aefade', NULL, NULL, '2024-09-06 21:10:07', '2024-09-06 21:10:07', '2024-09-06 21:10:07', NULL, true, 1);
INSERT INTO public.sys_dept (name, owner, phone, email, status, parent_id, id, sys_creator_id, sys_modifier_id, sys_create_datetime, sys_update_datetime, sys_effect_datetime, sys_expire_datetime, sys_flag, sort) VALUES ('北京公司', NULL, '13244724423', 'dlpuzcl@163.com', true, NULL, '30e403cf-d069-4a65-98fc-b57e82f9520f', NULL, NULL, '2024-09-06 21:10:22', '2024-09-06 21:17:12', '2024-09-06 21:17:12', NULL, true, 1);
INSERT INTO public.sys_post (name, code, id, sys_creator_id, sys_modifier_id, sys_create_datetime, sys_update_datetime, sys_effect_datetime, sys_expire_datetime, sys_flag, sort) VALUES ('开发', 'developer', '22062587-e65d-40b0-87e1-e3fad28ead7f', NULL, NULL, '2024-09-06 21:11:25', '2024-09-06 21:11:25', '2024-09-06 21:11:25', NULL, true, 1);
INSERT INTO public.sys_post (name, code, id, sys_creator_id, sys_modifier_id, sys_create_datetime, sys_update_datetime, sys_effect_datetime, sys_expire_datetime, sys_flag, sort) VALUES ('测试', 'tester', 'cad2047f-8f57-47ef-a558-0b24222f7a8a', NULL, NULL, '2024-09-06 21:11:39', '2024-09-06 21:11:39', '2024-09-06 21:11:39', NULL, true, 2);
INSERT INTO public.sys_role (name, code, status, data_range, id, sys_creator_id, sys_modifier_id, sys_create_datetime, sys_update_datetime, sys_effect_datetime, sys_expire_datetime, sys_flag, sort) VALUES ('test', 'test', true, 0, 'fa48ba68-e212-4134-80dd-ee094fedf701', NULL, NULL, '2024-09-06 21:17:26', '2024-09-06 21:17:26', '2024-09-06 21:17:26', NULL, true, 1);
INSERT INTO public.sys_role_menu (role_id, menu_id) VALUES ('fa48ba68-e212-4134-80dd-ee094fedf701', '503fc0e9-1464-4393-9f59-ccf862ba2cf3');
INSERT INTO public.sys_role_menu (role_id, menu_id) VALUES ('fa48ba68-e212-4134-80dd-ee094fedf701', '3083f631-1af2-4ace-bd8d-6fdf87f0c6ed');
INSERT INTO public.sys_role_menu (role_id, menu_id) VALUES ('fa48ba68-e212-4134-80dd-ee094fedf701', '15f6f5b8-02bd-4905-b87a-092c6c51d843');
INSERT INTO public.sys_user (username, is_superuser, email, mobile, avatar, name, gender, password, dept_id, id, sys_creator_id, sys_modifier_id, sys_create_datetime, sys_update_datetime, sys_effect_datetime, sys_expire_datetime, sys_flag, sort) VALUES ('superadmin', true, '', '13244724433', 'data:image/png;base64,iVBORw0KGgoAAAANSUhEUgAAARQAAAEUCAYAAADqcMl5AAAAAXNSR0IArs4c6QAAIABJREFUeF7svQe8Xll53vtfu3/99Kaj3kbTZzyUYTAECI4T23FwEtydGJzkXscejGPHOE6uyXWJHZfEvgEMhmCwAwZfG9xiXJjeVGY0mtGo1yPp9Pr1b7d1edc+RwguDJrRqI3O+ulIOufsb5e11372W573eRWr41U/A5/V2q5MsU6njCYqGba0GtIwCPSB6kHRjU4roEpAAcgBAeACDmAtT1IKxEAEtIEW0ABdQ1lLaBZAzwOzCqZSpSdtbU8oi7NLg4y9U6nkVT/ZN/gFqhv8+l9Vl//n4/omSHZYqO1as1VU5ErkJggg==', 'Jerry Zang', 0, '$2b$12$3Y8LFDSlCxeaxVa2RRtrb.FyRS/VeCV03kmPDu.A4.bp8QSvdZPDy', '8dfd2dab-8c57-4911-994c-47b739b5a324', 'f1065d6c-1b03-4a93-8470-3e210abe605a', NULL, NULL, '2024-08-22 22:06:30', '2024-08-28 14:16:40', '2024-08-28 14:16:40', NULL, true, 1);
INSERT INTO public.sys_user_role (user_id, role_id) VALUES ('f1065d6c-1b03-4a93-8470-3e210abe605a', 'fa48ba68-e212-4134-80dd-ee094fedf701');